season,position,club,played,won,drawn,lost,goals_for,goals_against,goal_diff,points,income_m,expenditure_m,balance_m,arrivals,departures
1992,4,Blackburn Rovers,42,20,11,11,68,46,22,71,2.16,9.94,7.78,15,22
1992,8,Tottenham Hotspur,42,16,11,15,60,66,-6,59,10.6,7.58,3.03,18,15
1992,10,Arsenal,42,15,11,16,40,38,2,56,3.25,4.6,1.35,9,5
1992,6,Liverpool,42,16,11,15,62,55,7,59,4.22,4.1499999999999995,0.07200000000000001,6,8
1992,2,Aston Villa,42,21,11,10,57,40,17,74,0.894,3.9299999999999997,3.03,11,8
1992,17,Leeds United,42,12,15,15,57,62,-5,51,1.87,3.82,1.95,14,8
1992,1,Manchester United,42,24,12,6,67,31,36,84,2.22,3.53,1.31,10,10
1992,7,Sheffield Wednesday,42,15,14,13,55,51,4,59,0.14,3.2,3.06,4,5
1992,21,Middlesbrough,42,11,11,20,54,75,-21,44,2,3.18,1.1800000000000002,11,10
1992,18,Southampton,42,13,11,18,54,61,-7,50,5.94,2.9499999999999997,2.9899999999999998,13,13
1992,11,Chelsea,42,14,14,14,51,54,-3,56,5.98,2.9299999999999997,3.05,18,14
1992,19,Oldham Athletic,42,13,10,19,63,74,-11,49,0.187,2.57,2.38,12,6
1992,12,Wimbledon,42,14,12,16,56,55,1,54,0,2.14,2.14,10,6
1992,15,Coventry City,42,13,13,16,52,57,-5,52,0.597,1.46,0.858,13,8
1992,22,Nottingham Forest,42,10,10,22,41,62,-21,40,4.85,1.41,3.44,7,5
1992,20,Crystal Palace,42,11,16,15,48,61,-13,49,1.87,1.34,0.527,12,10
1992,3,Norwich City,42,21,9,12,61,65,-4,72,1.49,1,0.494,8,11
1992,16,Ipswich Town,42,12,16,14,50,55,-5,52,0.4,0.75,0.35000000000000003,8,6
1992,13,Everton,42,15,8,19,53,55,-2,53,3.4499999999999997,0.7030000000000001,2.75,9,5
1992,14,Sheffield United,42,14,10,18,54,53,1,52,0.227,0.36,0.134,8,10
1992,5,Queens Park Rangers,42,17,12,13,63,55,8,63,0.446,0.126,0.32,6,4
1992,9,Manchester City,42,15,12,15,56,51,5,57,1.85,0,1.85,11,9
1993,2,Blackburn Rovers,42,25,9,8,63,36,27,84,0.738,11.78,11.04,8,7
1993,1,Manchester United,42,27,11,4,80,38,42,92,0.968,8.5,7.53,12,10
1993,8,Liverpool,42,17,9,16,59,55,4,60,0.928,8,7.07,9,12
1993,16,Manchester City,42,9,18,15,38,49,-11,45,0,7.59,7.59,14,8
1993,7,Sheffield Wednesday,42,16,16,10,76,54,22,64,5.24,7.4,2.17,9,7
1993,3,Newcastle United,42,23,8,11,82,41,41,77,5.01,6.6,1.59,14,14
1993,5,Leeds United,42,18,16,8,65,39,26,70,8.78,4.659999999999999,4.119999999999999,7,11
1993,15,Tottenham Hotspur,42,11,12,19,54,59,-5,45,7.08,4.42,2.66,16,19
1993,10,Aston Villa,42,15,12,15,46,50,-4,57,1.1500000000000001,4.25,3.1,10,12
1993,17,Everton,42,12,8,22,42,63,-21,44,1.7,4.05,2.3499999999999996,8,9
1993,14,Chelsea,42,13,12,17,49,53,-4,51,4.84,3.84,0.998,10,12
1993,18,Southampton,42,12,7,23,49,66,-17,43,3.8699999999999997,2.92,0.9500000000000001,14,10
1993,19,Ipswich Town,42,9,16,17,35,58,-23,43,2.4099999999999997,2.38,0.039,5,4
1993,13,West Ham United,42,13,13,16,47,58,-11,52,2.62,2.01,0.601,17,18
1993,22,Swindon Town,42,5,15,22,47,100,-53,30,0.405,1.75,1.34,8,8
1993,20,Sheffield United,42,8,18,16,42,60,-18,42,4.76,1.6,3.17,13,10
1993,4,Arsenal,42,18,17,7,53,28,25,71,2.2800000000000002,1.28,1.01,5,8
1993,11,Coventry City,42,14,14,14,43,45,-2,56,0.64,0.9450000000000001,0.305,14,17
1993,9,Queens Park Rangers,42,16,12,14,62,61,1,60,3.4,0.8200000000000001,2.58,8,9
1993,21,Oldham Athletic,42,9,13,20,42,68,-26,40,1.5,0.628,0.873,9,9
1993,12,Norwich City,42,12,17,13,65,61,4,53,3.2,0.625,2.58,10,10
1993,6,Wimbledon,42,18,11,13,56,53,3,65,0.352,0.585,0.233,6,9
1994,15,Everton,42,11,17,14,44,51,-7,50,2.25,12.38,10.129999999999999,13,15
1994,4,Liverpool,42,21,11,10,65,37,28,74,3.75,12.06,8.31,12,14
1994,2,Manchester United,42,26,10,6,77,28,49,88,5.52,11.82,6.3,14,14
1994,6,Newcastle United,42,20,12,10,67,47,20,72,11.02,10.88,0.145,10,10
1994,1,Blackburn Rovers,42,27,8,7,80,39,41,89,4.02,9.75,5.73,9,9
1994,7,Tottenham Hotspur,42,16,14,12,66,58,8,62,0.095,9.350000000000001,9.26,16,16
1994,14,West Ham United,42,13,11,18,44,48,-4,50,2.2600000000000002,8.370000000000001,6.109999999999999,19,15
1994,18,Aston Villa,42,11,15,16,51,56,-5,48,9.3,7.34,1.96,10,14
1994,12,Arsenal,42,13,12,17,52,49,3,51,4.2,7.18,2.98,12,7
1994,16,Coventry City,42,12,14,16,44,62,-18,50,6.73,7.08,0.35000000000000003,19,14
1994,3,Nottingham Forest,42,22,11,9,72,43,29,77,0.24,6.7,6.46,8,7
1994,11,Chelsea,42,13,15,14,50,55,-5,54,1.75,6.13,4.38,11,8
1994,5,Leeds United,42,20,13,9,59,38,21,73,1.86,4.930000000000001,3.07,12,9
1994,13,Sheffield Wednesday,42,13,12,17,49,57,-8,51,8.33,4.46,3.88,9,10
1994,21,Leicester City,42,6,11,25,45,80,-35,29,1.29,3.7,2.4099999999999997,11,12
1994,20,Norwich City,42,10,13,19,37,54,-17,43,10.42,3.46,6.96,11,10
1994,9,Wimbledon,42,15,11,16,48,65,-17,56,5.72,3.3299999999999996,2.3899999999999997,16,8
1994,10,Southampton,42,12,18,12,61,63,-2,54,3.05,3.29,0.23800000000000002,8,16
1994,17,Manchester City,42,12,13,17,53,64,-11,49,2.86,2.5,0.355,12,12
1994,19,Crystal Palace,42,11,12,19,34,49,-15,45,1.01,1.75,0.738,15,12
1994,22,Ipswich Town,42,7,6,29,36,93,-57,27,2.4499999999999997,1.02,1.43,12,6
1994,8,Queens Park Rangers,42,17,9,16,61,59,2,60,5.14,0.36,4.78,7,10
1995,2,Newcastle United,38,24,6,8,66,37,29,78,9.450000000000001,32.2,22.75,9,11
1995,3,Liverpool,38,20,11,7,70,34,36,71,1.7,19.25,17.55,12,9
1995,5,Arsenal,38,17,12,9,49,32,17,63,2.2,18.35,16.150000000000002,7,6
1995,6,Everton,38,17,10,11,64,44,20,61,0.42,16.979999999999997,16.56,17,12
1995,7,Blackburn Rovers,38,18,7,13,61,47,14,61,5.6,16.5,10.9,14,10
1995,8,Tottenham Hotspur,38,16,13,9,50,38,12,61,14.2,13.370000000000001,0.8300000000000001,20,19
1995,12,Middlesbrough,38,11,10,17,35,50,-15,43,0.375,13,12.629999999999999,11,13
1995,15,Sheffield Wednesday,38,10,10,18,48,61,-13,40,6.3,12.75,6.45,15,15
1995,18,Manchester City,38,9,11,18,33,58,-25,38,6.930000000000001,11.76,4.83,22,22
1995,4,Aston Villa,38,18,9,11,52,35,17,63,4.9,11.06,6.159999999999999,12,13
1995,20,Bolton Wanderers,38,8,5,25,39,71,-32,29,7.07,9.49,2.42,14,9
1995,16,Coventry City,38,8,14,16,42,60,-18,38,2.57,6.25,3.68,20,19
1995,19,Queens Park Rangers,38,9,6,23,38,57,-19,33,12.639999999999999,5.33,7.3,13,14
1995,10,West Ham United,38,14,9,15,43,52,-9,51,5.07,4.72,0.35000000000000003,23,22
1995,13,Leeds United,38,12,7,19,40,57,-17,43,5.02,4.7,0.32,14,12
1995,9,Nottingham Forest,38,15,13,10,50,54,-4,58,14.709999999999999,3.84,10.860000000000001,15,13
1995,17,Southampton,38,9,11,18,34,52,-18,38,0.123,2.24,2.12,7,6
1995,11,Chelsea,38,12,14,12,46,44,2,50,1.84,1.9,0.065,11,9
1995,14,Wimbledon,38,10,11,17,55,70,-15,41,4.5,0.855,3.65,15,12
1995,1,Manchester United,38,25,7,6,73,35,38,82,19.99,0.5750000000000001,19.419999999999998,9,11
1996,2,Newcastle United,38,19,11,8,73,40,33,68,8.46,18,9.54,11,11
1996,11,Leeds United,38,11,13,14,28,38,-10,46,0.9500000000000001,16.630000000000003,15.68,13,15
1996,19,Middlesbrough,38,10,12,16,51,60,-9,39,9.7,16.279999999999998,6.58,19,15
1996,6,Chelsea,38,16,11,11,58,55,3,59,4.59,15.57,10.98,15,16
1996,14,West Ham United,38,10,12,16,39,48,-9,42,2.2600000000000002,14.8,12.54,22,24
1996,1,Manchester United,38,21,12,5,76,44,32,75,7.99,11.229999999999999,3.24,14,13
1996,15,Everton,38,10,12,16,44,57,-13,42,15.39,10.75,4.64,12,15
1996,20,Nottingham Forest,38,6,16,16,31,59,-28,34,0.705,9.69,8.98,23,18
1996,7,Sheffield Wednesday,38,14,15,9,50,51,-1,57,8.31,9.04,0.727,17,11
1996,9,Leicester City,38,12,11,15,46,54,-8,47,3.8,8.94,5.13,12,10
1996,10,Tottenham Hotspur,38,13,7,18,44,51,-7,46,1.6800000000000002,8.25,6.57,17,15
1996,5,Aston Villa,38,17,10,11,47,34,13,61,4.39,8.1,3.71,7,7
1996,17,Coventry City,38,9,14,15,38,54,-16,41,2,8,6,13,13
1996,18,Sunderland,38,10,10,18,35,53,-18,40,0.18,7.430000000000001,7.25,14,9
1996,3,Arsenal,38,19,11,8,62,32,30,68,8.15,6.109999999999999,2.04,11,14
1996,12,Derby County,38,11,13,14,45,58,-13,46,0.591,3.79,3.19,24,26
1996,4,Liverpool,38,19,11,8,62,37,25,68,3,3.5,0.5,7,9
1996,16,Southampton,38,10,11,17,50,56,-6,41,5.13,3.24,1.8900000000000001,18,19
1996,8,Wimbledon,38,15,11,12,49,46,3,56,0.12,2.88,2.7600000000000002,6,14
1996,13,Blackburn Rovers,38,9,15,14,42,43,-1,42,18.919999999999998,0,18.919999999999998,5,5
1997,13,Newcastle United,38,11,11,16,35,44,-9,44,18.12,33.59,15.47,29,14
1997,1,Arsenal,38,23,9,6,68,33,35,78,8.42,22.03,13.61,17,13
1997,3,Liverpool,38,18,11,9,68,42,26,65,13.02,18.55,5.53,13,11
1997,4,Chelsea,38,20,3,15,71,43,28,63,2.55,17.8,15.25,12,11
1997,14,Tottenham Hotspur,38,11,11,16,44,56,-12,44,5.78,17.7,11.92,15,16
1997,5,Leeds United,38,17,8,13,57,46,11,59,5.35,15.91,10.56,17,15
1997,18,Bolton Wanderers,38,9,13,16,41,61,-20,40,1.91,14.209999999999999,12.3,22,20
1997,20,Crystal Palace,38,8,9,21,37,71,-34,33,6.09,13.7,7.609999999999999,25,19
1997,2,Manchester United,38,23,8,7,73,26,47,77,4.42,13.55,9.129999999999999,21,17
1997,8,West Ham United,38,16,8,14,56,57,-1,56,2,12.6,10.6,20,16
1997,16,Sheffield Wednesday,38,12,8,18,52,67,-15,44,4.9,10.99,6.09,21,17
1997,7,Aston Villa,38,17,6,15,49,48,1,57,3.3499999999999996,10.5,7.1499999999999995,5,6
1997,6,Blackburn Rovers,38,16,10,12,57,52,5,58,30.43,10.129999999999999,20.3,22,22
1997,12,Southampton,38,14,6,18,50,55,-5,48,4.930000000000001,8.88,3.9499999999999997,18,18
1997,17,Everton,38,9,13,16,41,56,-15,40,14.25,8.33,5.930000000000001,21,17
1997,19,Barnsley,38,10,5,23,37,82,-45,35,0.19,6.49,6.3,13,9
1997,15,Wimbledon,38,10,14,14,34,46,-12,44,11.2,5.21,5.99,5,6
1997,11,Coventry City,38,12,16,10,46,44,2,52,3.75,4.6499999999999995,0.9,14,18
1997,9,Derby County,38,16,7,15,52,49,3,55,2.92,3.8,0.88,12,11
1997,10,Leicester City,38,13,14,11,51,41,10,53,1.28,3.65,2.38,15,15
1998,19,Blackburn Rovers,38,7,14,17,38,52,-14,35,16.05,56.39,40.339999999999996,27,20
1998,1,Manchester United,38,22,13,3,80,37,43,79,3.75,44.75,41,12,16
1998,6,Aston Villa,38,15,10,13,51,46,5,55,24.979999999999997,42.8,17.82,19,11
1998,13,Newcastle United,38,11,13,14,48,54,-6,46,30.3,42.6,12.3,25,25
1998,14,Everton,38,11,10,17,42,47,-5,43,12.55,29.650000000000002,17.1,17,13
1998,3,Chelsea,38,20,15,3,57,30,27,75,5.85,19.3,13.450000000000001,15,15
1998,16,Wimbledon,38,10,12,16,40,63,-23,42,0,16.75,16.75,9,6
1998,2,Arsenal,38,22,12,4,59,17,42,78,0.75,15.950000000000001,15.2,17,12
1998,7,Liverpool,38,15,9,14,68,49,19,54,7.03,13.49,6.46,15,9
1998,9,Middlesbrough,38,12,15,11,48,54,-6,51,13.850000000000001,12.08,1.78,14,13
1998,5,West Ham United,38,16,9,13,46,53,-7,57,19.01,11.139999999999999,7.88,26,20
1998,11,Tottenham Hotspur,38,11,14,13,47,50,-3,47,1.8,9.78,7.98,17,15
1998,10,Leicester City,38,12,13,13,40,46,-6,49,1,8.9,7.9,13,10
1998,20,Nottingham Forest,38,7,9,22,35,69,-34,30,18.45,8.8,9.65,29,28
1998,4,Leeds United,38,18,13,7,62,34,28,67,0.2,8.450000000000001,8.25,18,14
1998,15,Coventry City,38,11,9,18,39,51,-12,42,12.8,7.7,5.109999999999999,20,15
1998,17,Southampton,38,11,8,19,37,64,-27,41,12.9,7.3,5.6,19,13
1998,18,Charlton Athletic,38,8,12,18,41,56,-15,36,0.3,6.1899999999999995,5.89,18,10
1998,8,Derby County,38,13,13,12,40,45,-5,52,16.150000000000002,5.6899999999999995,10.46,19,17
1998,12,Sheffield Wednesday,38,13,7,18,41,42,-1,46,3.13,4.609999999999999,1.49,18,17
1999,4,Liverpool,38,19,10,9,51,30,21,67,11.58,54.5,42.93,17,18
1999,3,Leeds United,38,21,6,11,58,43,15,69,22.25,35.71,13.46,11,16
1999,11,Newcastle United,38,14,10,14,63,54,9,52,21.45,27.25,5.8,23,21
1999,5,Chelsea,38,18,11,9,53,34,19,65,7.88,26.36,18.479999999999997,20,18
1999,2,Arsenal,38,22,7,9,73,43,30,73,41.55,25.4,16.150000000000002,21,20
1999,14,Coventry City,38,12,8,18,47,54,-7,44,15.4,20.330000000000002,4.930000000000001,20,16
1999,10,Tottenham Hotspur,38,15,8,15,57,49,8,53,1.8,17,15.2,15,16
1999,7,Sunderland,38,16,10,12,57,56,1,58,12.1,16.7,4.6,28,24
1999,16,Derby County,38,9,11,18,44,57,-13,38,7.6499999999999995,16.4,8.75,18,16
1999,12,Middlesbrough,38,14,10,14,46,52,-6,52,0.05,10.32,10.27,12,13
1999,6,Aston Villa,38,15,13,10,46,35,11,58,5.319999999999999,9.6,4.28,13,18
1999,18,Wimbledon,38,7,12,19,46,74,-28,33,8.84,8.25,0.594,15,16
1999,19,Sheffield Wednesday,38,8,7,23,38,70,-32,31,4.04,8,3.96,16,19
1999,1,Manchester United,38,28,7,3,97,45,52,91,0.35000000000000003,7.95,7.6,22,10
1999,9,West Ham United,38,15,10,13,52,53,-1,55,11.2,7.78,3.42,33,30
1999,13,Everton,38,12,14,12,59,49,10,50,20.830000000000002,7.6,13.229999999999999,14,20
1999,8,Leicester City,38,16,7,15,55,55,0,55,16.58,6.3,10.28,13,12
1999,20,Watford,38,6,6,26,35,77,-42,24,0.492,4.4,3.9099999999999997,15,10
1999,15,Southampton,38,12,8,18,45,62,-17,44,0.705,3.4299999999999997,2.72,19,20
1999,17,Bradford City,38,9,9,20,38,68,-30,36,0.8290000000000001,2.69,1.86,16,11
2000,2,Arsenal,38,20,10,8,63,38,25,70,49.53,56.3,6.78,24,21
2000,4,Leeds United,38,20,8,10,64,43,21,68,12.33,53.15,40.82,11,11
2000,6,Chelsea,38,17,10,11,68,45,23,61,37.720000000000006,52.39,14.67,24,20
2000,16,Everton,38,11,9,18,45,59,-14,42,35.55,34.48,1.07,18,18
2000,3,Liverpool,38,20,9,9,71,39,32,69,19.610000000000003,34,14.4,20,16
2000,14,Middlesbrough,38,9,15,14,44,44,0,42,10,33.47,23.47,23,17
2000,11,Newcastle United,38,14,9,15,44,50,-6,51,26.39,25.91,0.47500000000000003,19,21
2000,12,Tottenham Hotspur,38,13,10,15,47,54,-7,49,2.46,25.74,23.29,9,12
2000,8,Aston Villa,38,13,15,10,46,43,3,54,20.82,21.12,0.305,16,13
2000,9,Charlton Athletic,38,14,10,14,50,57,-7,52,0.532,20.8,20.27,15,16
2000,18,Manchester City,38,8,10,20,41,65,-24,34,1.46,20.279999999999998,18.810000000000002,23,25
2000,19,Coventry City,38,8,10,20,36,63,-27,34,26.279999999999998,19,7.28,15,16
2000,15,West Ham United,38,10,12,16,45,50,-5,42,42.4,18.650000000000002,23.75,26,28
2000,7,Sunderland,38,15,12,11,46,41,5,57,5.53,16.87,11.34,20,24
2000,17,Derby County,38,10,12,16,37,59,-22,42,6.88,13.33,6.45,16,14
2000,1,Manchester United,38,24,8,6,79,31,48,80,9.88,11.7,1.83,9,14
2000,13,Leicester City,38,14,6,18,39,51,-12,48,9.7,11.7,2,18,18
2000,5,Ipswich Town,38,20,6,12,57,42,15,66,4.5,9.6,5.1,12,13
2000,20,Bradford City,38,5,11,22,30,70,-40,26,8.94,6.609999999999999,2.34,16,22
2000,10,Southampton,38,14,10,14,40,48,-8,52,0.145,0,0.145,15,16
2001,3,Manchester United,38,24,5,9,87,45,42,77,43.6,85.85,42.25,22,16
2001,13,Fulham,38,10,14,14,36,44,-8,44,1.03,50.6,49.58,13,14
2001,6,Chelsea,38,17,13,8,66,38,28,64,14.32,49.7,35.379999999999995,10,15
2001,5,Leeds United,38,18,12,8,53,37,16,66,4.58,46.3,41.730000000000004,11,14
2001,10,Blackburn Rovers,38,12,10,16,55,51,4,46,10.68,33.01,22.34,22,25
2001,1,Arsenal,38,26,9,3,79,36,43,87,12,32.690000000000005,20.69,23,16
2001,4,Newcastle United,38,21,8,9,74,52,22,71,0.888,31.59,30.7,19,20
2001,2,Liverpool,38,24,8,6,67,30,37,80,28.650000000000002,31.56,2.9099999999999997,8,10
2001,17,Sunderland,38,10,10,18,29,51,-22,40,12.89,29.759999999999998,16.87,17,15
2001,9,Tottenham Hotspur,38,14,8,16,49,53,-4,50,9.75,28.05,18.3,10,9
2001,8,Aston Villa,38,12,14,12,46,47,-1,50,16.88,26.1,9.229999999999999,15,16
2001,12,Middlesbrough,38,12,9,17,35,47,-12,45,5.2700000000000005,22.7,17.43,26,29
2001,7,West Ham United,38,15,8,15,48,57,-9,53,18.130000000000003,22.06,3.94,12,16
2001,18,Ipswich Town,38,9,9,20,41,64,-23,36,13.5,20.23,6.73,22,15
2001,11,Southampton,38,12,9,17,46,54,-8,45,14.450000000000001,19.35,4.9,16,14
2001,20,Leicester City,38,5,13,20,30,64,-34,28,3.03,19.2,16.17,21,19
2001,14,Charlton Athletic,38,10,14,14,38,49,-11,44,1.3800000000000001,13.5,12.129999999999999,14,17
2001,15,Everton,38,11,10,17,45,57,-12,43,11.93,10.5,1.43,8,14
2001,19,Derby County,38,8,6,24,33,63,-30,30,17.5,4.59,12.92,15,15
2001,16,Bolton Wanderers,38,9,13,16,44,62,-18,40,0.07,3.13,3.06,27,23
2002,1,Manchester United,38,25,8,5,74,34,40,83,3.5,48.53,45.03,15,15
2002,9,Manchester City,38,15,6,17,47,54,-7,51,0.75,44.449999999999996,43.7,16,14
2002,3,Newcastle United,38,21,6,11,63,48,15,69,0.225,34.55,34.33,13,14
2002,11,Middlesbrough,38,13,10,15,48,44,4,49,0,34.08,34.08,24,27
2002,5,Liverpool,38,18,10,10,61,41,20,64,11.8,31.5,19.7,18,16
2002,20,Sunderland,38,4,7,27,21,65,-44,19,0,29.68,29.68,26,19
2002,19,West Bromwich Albion,38,6,8,24,29,65,-36,26,0,16.95,16.95,10,7
2002,13,Birmingham City,38,13,9,16,41,49,-8,48,1.1500000000000001,15.68,14.53,21,19
2002,7,Everton,38,17,8,13,48,49,-1,59,0.375,13.729999999999999,13.350000000000001,22,17
2002,2,Arsenal,38,23,9,6,85,42,43,78,8.219999999999999,12.83,4.609999999999999,19,19
2002,8,Southampton,38,13,13,12,43,46,-3,52,0,12,12,16,19
2002,10,Tottenham Hotspur,38,14,8,16,51,62,-11,50,1.35,10.5,9.15,23,23
2002,16,Aston Villa,38,12,9,17,42,47,-5,45,6.9,9.08,2.18,24,17
2002,6,Blackburn Rovers,38,16,12,10,52,43,9,60,1.8,7.25,5.45,21,18
2002,12,Charlton Athletic,38,14,7,17,45,56,-11,49,2.65,6.75,4.1,13,13
2002,15,Leeds United,38,14,5,19,58,57,1,47,80.11999999999999,4.5,75.61999999999999,20,21
2002,14,Fulham,38,13,9,16,41,50,-9,48,0.8250000000000001,3,2.18,9,12
2002,18,West Ham United,38,10,12,16,42,59,-17,42,0.075,0.4,0.325,18,19
2002,17,Bolton Wanderers,38,10,14,14,41,51,-10,44,5.29,0,5.29,24,31
2002,4,Chelsea,38,19,10,9,68,38,30,67,2.1,0,2.1,10,11
2003,2,Chelsea,38,24,7,7,67,30,37,79,0.9500000000000001,170,169.05,28,22
2003,3,Manchester United,38,23,6,9,64,35,29,75,59.3,56.53,2.7800000000000002,27,28
2003,14,Tottenham Hotspur,38,13,6,19,47,57,-10,45,1.75,29.75,28,20,23
2003,1,Arsenal,38,26,12,0,73,26,47,90,1.05,27.419999999999998,26.37,24,22
2003,15,Blackburn Rovers,38,12,8,18,51,59,-8,44,34.849999999999994,22.34,12.51,25,32
2003,10,Birmingham City,38,12,14,12,43,48,-5,50,1.95,17.1,15.15,17,27
2003,4,Liverpool,38,16,12,10,55,37,18,60,0,15.65,15.65,22,13
2003,16,Manchester City,38,9,14,15,55,54,1,41,6.619999999999999,14.26,7.64,23,24
2003,13,Portsmouth,38,12,9,17,47,54,-7,45,0.2,11.78,11.58,38,39
2003,11,Middlesbrough,38,13,9,16,44,52,-8,48,1.1300000000000001,10.2,9.08,30,31
2003,17,Everton,38,9,12,17,45,57,-12,39,0.975,10.07,9.09,18,20
2003,20,Wolverhampton Wanderers,38,7,12,19,38,77,-39,33,1.1500000000000001,9.88,8.729999999999999,27,20
2003,12,Southampton,38,12,11,15,44,45,-1,47,10.88,8.98,1.9,21,20
2003,9,Fulham,38,14,10,14,52,46,6,52,25.04,8.48,16.56,33,28
2003,6,Aston Villa,38,15,11,12,48,44,4,56,0.29,8.38,8.09,20,29
2003,7,Charlton Athletic,38,14,11,13,51,51,0,53,15,1.5,13.5,19,17
2003,18,Leicester City,38,6,15,17,48,65,-17,33,0,1.1400000000000001,1.1400000000000001,29,29
2003,8,Bolton Wanderers,38,14,11,13,48,56,-8,53,0.075,0.75,0.675,29,30
2003,19,Leeds United,38,8,9,21,40,79,-39,33,16.830000000000002,0.1,16.73,28,32
2003,5,Newcastle United,38,13,17,8,52,40,12,56,5,0,5,17,22
2004,1,Chelsea,38,29,8,1,72,15,57,95,3.3,166.4,163.1,24,25
2004,3,Manchester United,38,22,11,5,58,26,32,77,9.57,61.25,51.690000000000005,21,19
2004,5,Liverpool,38,17,7,14,52,41,11,58,24.57,58.4,33.83,25,23
2004,9,Tottenham Hotspur,38,14,10,14,47,41,6,52,10.5,47.13,36.63,38,34
2004,14,Newcastle United,38,10,14,14,47,57,-10,44,22.279999999999998,29.45,7.18,18,19
2004,17,West Bromwich Albion,38,6,16,16,36,61,-25,34,1.95,15.850000000000001,13.9,18,24
2004,12,Birmingham City,38,11,12,15,40,46,-6,45,8.15,15.77,7.619999999999999,28,23
2004,13,Fulham,38,12,8,18,52,60,-8,44,5.2,13.950000000000001,8.75,26,22
2004,11,Charlton Athletic,38,12,10,16,42,58,-16,46,1.95,13.25,11.3,17,19
2004,20,Southampton,38,6,14,18,45,66,-21,32,11.5,12.68,1.1800000000000002,37,29
2004,2,Arsenal,38,25,8,5,87,36,51,83,3.9,12.48,8.58,24,19
2004,4,Everton,38,18,7,13,45,46,-1,61,45.4,11.88,33.53,9,17
2004,16,Portsmouth,38,10,9,19,43,59,-16,39,6.6,10.850000000000001,4.25,29,36
2004,10,Aston Villa,38,12,11,15,45,52,-7,47,3.4299999999999997,10.139999999999999,6.72,14,18
2004,19,Norwich City,38,7,12,19,42,77,-35,33,0.45,8.53,8.08,18,15
2004,15,Blackburn Rovers,38,9,15,14,32,43,-11,42,7.7,7.88,0.17500000000000002,21,21
2004,7,Middlesbrough,38,14,13,11,53,46,7,55,3.4499999999999997,6.75,3.3,21,22
2004,18,Crystal Palace,38,7,12,19,41,62,-21,33,0.1,5.1499999999999995,5.05,18,16
2004,8,Manchester City,38,13,13,12,47,39,8,52,7.94,1.5,6.44,18,19
2004,6,Bolton Wanderers,38,16,10,12,49,44,5,58,0.375,1.3800000000000001,1,26,26
2005,1,Chelsea,38,29,4,5,72,22,50,91,34.6,91.5,56.9,19,19
2005,7,Newcastle United,38,17,7,14,47,42,5,58,30.9,61.75,30.85,17,16
2005,4,Arsenal,38,20,7,11,68,31,37,67,25,46,21,20,18
2005,3,Liverpool,38,25,7,6,57,25,32,82,19.04,44.06,25.02,30,26
2005,5,Tottenham Hotspur,38,18,11,9,53,38,15,65,25.45,36.51,11.06,28,27
2005,11,Everton,38,14,8,16,34,49,-15,50,7,32.53,25.53,16,14
2005,2,Manchester United,38,25,8,5,72,34,38,83,7.9,31.8,23.9,25,27
2005,9,West Ham United,38,16,7,15,52,55,-3,55,0.55,21.59,21.04,33,31
2005,17,Portsmouth,38,10,8,20,37,62,-25,38,12.15,18.779999999999998,6.63,40,37
2005,16,Aston Villa,38,10,12,16,42,55,-13,42,6.4,16.54,10.139999999999999,18,15
2005,10,Wigan Athletic,38,15,6,17,45,52,-7,51,5.63,15.77,10.15,17,19
2005,19,West Bromwich Albion,38,7,9,22,31,58,-27,30,9.08,15.3,6.23,16,18
2005,14,Middlesbrough,38,12,9,17,48,58,-10,45,0,13.96,13.96,20,12
2005,15,Manchester City,38,13,4,21,43,48,-5,43,32.5,12.48,20.03,13,13
2005,6,Blackburn Rovers,38,19,6,13,51,42,9,63,2.7,9.4,6.7,23,25
2005,13,Charlton Athletic,38,13,8,17,41,55,-14,47,5.71,9.1,3.3899999999999997,31,23
2005,18,Birmingham City,38,8,10,20,28,50,-22,34,7.95,8.1,0.15,32,27
2005,12,Fulham,38,14,6,18,48,58,-10,48,4.63,6.55,1.93,25,24
2005,8,Bolton Wanderers,38,15,11,12,49,41,8,56,0,6.2,6.2,14,17
2005,20,Sunderland,38,3,6,29,26,69,-43,15,1.43,5.930000000000001,4.5,24,27
2006,2,Chelsea,38,24,11,3,64,24,40,83,52.6,88.98,36.379999999999995,20,17
2006,15,West Ham United,38,12,5,21,35,59,-24,41,6.75,69.85,63.1,22,23
2006,5,Tottenham Hotspur,38,17,9,12,57,54,3,60,38.65,61,22.35,22,22
2006,3,Liverpool,38,20,8,10,57,27,30,68,24.73,46,21.279999999999998,30,28
2006,13,Newcastle United,38,11,10,17,38,47,-9,43,11.18,31.88,20.7,11,14
2006,17,Wigan Athletic,38,10,8,20,37,59,-22,38,24.330000000000002,29.38,5.05,23,25
2006,1,Manchester United,38,28,5,5,83,27,56,89,18,27.2,9.2,27,27
2006,11,Aston Villa,38,11,17,10,43,41,2,50,1.83,24.7,22.88,18,16
2006,19,Charlton Athletic,38,8,10,20,34,60,-26,34,2.2800000000000002,21.650000000000002,19.38,33,36
2006,18,Sheffield United,38,10,8,20,32,55,-23,38,3.3299999999999996,18.03,14.7,42,38
2006,10,Blackburn Rovers,38,15,7,16,52,54,-2,52,16.91,17.979999999999997,1.07,27,24
2006,6,Everton,38,15,13,10,52,36,16,58,2.5,17.9,15.4,14,17
2006,7,Bolton Wanderers,38,16,8,14,47,52,-5,56,3.8499999999999996,17,13.15,21,16
2006,4,Arsenal,38,19,11,8,63,35,28,68,12.93,15,2.08,17,19
2006,16,Fulham,38,8,15,15,38,60,-22,39,10.52,13.8,3.29,20,25
2006,12,Middlesbrough,38,12,10,16,44,49,-5,46,4.68,11.3,6.63,21,24
2006,20,Watford,38,5,13,20,29,59,-30,28,13.5,10.48,3.03,32,23
2006,8,Reading,38,16,7,15,52,47,5,55,0,9.229999999999999,9.229999999999999,27,17
2006,9,Portsmouth,38,14,12,12,45,42,3,54,1.25,9.1,7.85,29,32
2006,14,Manchester City,38,11,9,18,29,44,-15,42,4.2,6.5,2.3,20,23
2007,1,Manchester United,38,27,6,5,80,22,58,87,46.6,106.5,59.9,26,22
2007,11,Tottenham Hotspur,38,11,13,14,66,61,5,46,22.55,94.14999999999999,71.6,27,21
2007,4,Liverpool,38,21,13,4,67,28,39,76,46.75,90.7,43.949999999999996,30,28
2007,9,Manchester City,38,15,10,13,45,53,-8,55,10.56,77.95,67.39,33,26
2007,15,Sunderland,38,11,6,21,36,59,-23,39,3.2,64.32,61.120000000000005,31,21
2007,2,Chelsea,38,25,10,3,65,26,39,85,43.65,59,15.350000000000001,24,16
2007,8,Portsmouth,38,16,9,13,48,40,8,57,23.38,58.64,35.27,28,25
2007,13,Middlesbrough,38,10,12,16,43,53,-10,42,30.23,50.6,20.38,21,23
2007,17,Fulham,38,8,12,18,38,60,-22,36,19.5,50.43,30.93,39,27
2007,10,West Ham United,38,13,10,15,42,50,-8,49,42,47.15,5.1499999999999995,19,17
2007,12,Newcastle United,38,11,10,17,45,65,-20,43,31.7,37.849999999999994,6.1499999999999995,20,17
2007,5,Everton,38,19,8,11,55,33,22,65,14.8,37.55,22.75,17,18
2007,3,Arsenal,38,24,11,3,74,31,43,83,56.730000000000004,30.95,25.779999999999998,19,18
2007,19,Birmingham City,38,8,11,19,46,62,-16,35,8.48,29.3,20.830000000000002,31,30
2007,6,Aston Villa,38,16,12,10,71,51,20,60,17.9,24.9,7,12,17
2007,20,Derby County,38,1,8,29,20,89,-69,11,5.24,22.68,17.439999999999998,30,29
2007,16,Bolton Wanderers,38,9,10,19,36,54,-18,37,21.97,22.35,0.384,25,24
2007,14,Wigan Athletic,38,10,10,18,34,51,-17,40,17.830000000000002,17.9,0.075,26,21
2007,18,Reading,38,10,6,22,41,66,-25,36,5.7,12.1,6.4,40,35
2007,7,Blackburn Rovers,38,15,13,10,50,48,2,58,3.98,6.2,2.23,19,18
2008,10,Manchester City,38,15,5,18,58,50,8,50,26.5,157.35000000000002,130.85000000000002,26,18
2008,8,Tottenham Hotspur,38,14,9,15,45,45,0,51,88.05,143.95000000000002,55.9,38,36
2008,2,Liverpool,38,25,11,2,77,27,50,86,46.449999999999996,71.45,25,33,29
2008,6,Aston Villa,38,17,11,10,54,48,6,62,7.52,55.9,48.379999999999995,19,15
2008,1,Manchester United,38,28,6,4,68,24,44,90,7.45,45.25,37.8,17,17
2008,4,Arsenal,38,20,12,6,68,37,31,72,25.8,40.15,14.350000000000001,18,11
2008,18,Newcastle United,38,7,13,18,40,59,-19,34,41.4,35.48,5.930000000000001,23,16
2008,12,Stoke City,38,12,9,17,38,55,-17,45,0.765,33.949999999999996,33.190000000000005,24,19
2008,16,Sunderland,38,9,9,20,34,54,-20,36,11.15,33.11,21.959999999999997,34,35
2008,3,Chelsea,38,25,8,5,68,24,44,83,44.55,30.5,14.05,18,18
2008,14,Portsmouth,38,10,11,17,38,57,-19,41,54.15,28.2,25.95,30,26
2008,7,Fulham,38,14,11,13,39,34,5,53,16.330000000000002,26.85,10.53,31,41
2008,5,Everton,38,17,12,9,55,37,18,63,13.3,25.08,11.78,15,11
2008,20,West Bromwich Albion,38,8,8,22,36,67,-31,32,10.25,24.32,14.07,22,24
2008,11,Wigan Athletic,38,12,9,17,34,45,-11,45,24.5,24.1,0.4,24,28
2008,13,Bolton Wanderers,38,11,8,19,41,53,-12,41,10.88,23.7,12.83,15,19
2008,17,Hull City,38,8,11,19,39,64,-25,35,0,17.95,17.95,26,18
2008,9,West Ham United,38,14,9,15,42,45,-3,51,68.83,16,52.83,28,30
2008,19,Middlesbrough,38,7,11,20,28,57,-29,32,8.719999999999999,12.8,4.08,18,19
2008,15,Blackburn Rovers,38,10,11,17,40,60,-20,41,26.5,11.68,14.82,26,28
2009,5,Manchester City,38,18,13,7,73,45,28,67,29.2,147.3,118.1,29,29
2009,6,Aston Villa,38,17,13,8,52,39,13,64,22.1,46.9,24.8,21,16
2009,13,Sunderland,38,11,11,16,48,56,-8,44,21.279999999999998,46.1,24.830000000000002,27,29
2009,7,Liverpool,38,18,9,11,61,35,26,63,48.55,43.5,5.05,25,26
2009,4,Tottenham Hotspur,38,21,7,10,67,41,26,70,31.7,40.3,8.6,35,32
2009,1,Chelsea,38,27,5,6,103,32,71,86,3.8,30,26.2,18,12
2009,2,Manchester United,38,27,4,7,86,28,58,85,104.47,27.3,77.16999999999999,18,17
2009,11,Stoke City,38,11,14,13,34,48,-14,47,6.5,26.05,19.55,25,23
2009,8,Everton,38,16,13,9,60,49,11,61,28.34,23.3,5.04,15,15
2009,17,West Ham United,38,8,11,19,47,66,-19,35,41.3,21.650000000000002,19.650000000000002,23,26
2009,9,Birmingham City,38,13,11,14,38,47,-9,50,0.4,20.05,19.650000000000002,28,28
2009,15,Wolverhampton Wanderers,38,9,11,18,32,56,-24,38,0.87,19.45,18.58,32,28
2009,16,Wigan Athletic,38,9,9,20,37,79,-42,36,25.979999999999997,18.439999999999998,7.55,21,20
2009,19,Hull City,38,6,12,20,34,75,-41,30,16.2,14.850000000000001,1.35,24,27
2009,18,Burnley,38,8,6,24,42,82,-40,30,0.09,13.54,13.450000000000001,33,20
2009,10,Blackburn Rovers,38,13,11,14,41,55,-14,50,36.65,13.28,23.37,39,35
2009,3,Arsenal,38,23,6,9,83,41,42,75,47.7,12,35.7,17,13
2009,14,Bolton Wanderers,38,10,9,19,42,67,-25,39,2,12,10,25,17
2009,20,Portsmouth,38,7,7,24,34,66,-32,19,52.05,10.56,41.49,35,40
2009,12,Fulham,38,12,10,16,39,46,-7,46,0,7.109999999999999,7.109999999999999,28,26
2010,3,Manchester City,38,21,8,9,60,33,27,71,40.15,183.60999999999999,143.46,36,26
2010,2,Chelsea,38,21,8,9,69,33,36,71,16.5,121.5,105,22,21
2010,6,Liverpool,38,17,7,14,59,44,15,58,101.5,97.73,3.7800000000000002,25,24
2010,9,Aston Villa,38,12,12,14,48,59,-11,48,28.4,37.4,9,21,21
2010,1,Manchester United,38,23,11,4,78,37,41,80,16.97,29.3,12.34,18,18
2010,10,Sunderland,38,12,11,15,45,56,-11,47,41.78,29.1,12.68,31,32
2010,5,Tottenham Hotspur,38,16,14,8,55,46,9,62,2.94,26.6,23.67,44,34
2010,18,Birmingham City,38,8,15,15,37,58,-21,39,0.17500000000000002,25.6,25.43,25,23
2010,4,Arsenal,38,19,11,8,72,43,29,68,8.1,23,14.9,23,22
2010,13,Stoke City,38,13,7,18,46,48,-2,46,6.78,21.1,14.33,26,23
2010,17,Wolverhampton Wanderers,38,11,7,20,46,66,-20,40,6.44,20.22,13.78,29,27
2010,20,West Ham United,38,7,12,19,43,70,-27,33,4.95,18.03,13.08,18,20
2010,12,Newcastle United,38,11,13,14,56,57,-1,46,41.75,13.98,27.77,18,16
2010,11,West Bromwich Albion,38,12,11,15,56,71,-15,47,0.85,13.83,12.98,30,26
2010,16,Wigan Athletic,38,9,15,14,40,61,-21,42,3.4,11.4,8,25,21
2010,8,Fulham,38,11,16,11,49,43,6,49,12.81,11.05,1.76,16,23
2010,19,Blackpool,38,10,9,19,55,78,-23,39,0.7000000000000001,5.73,5.03,28,24
2010,14,Bolton Wanderers,38,12,10,16,52,56,-4,46,1.4,5.4,4,18,20
2010,15,Blackburn Rovers,38,11,10,17,46,59,-13,43,0.275,5.05,4.78,30,30
2010,7,Everton,38,13,15,10,51,45,6,54,6.6,1.7,4.9,14,14
2011,6,Chelsea,38,18,10,10,65,46,19,64,31.56,96.45,64.89,26,22
2011,1,Manchester City,38,28,5,5,93,29,64,89,31.2,91.05,59.849999999999994,34,36
2011,3,Arsenal,38,21,7,10,74,49,25,70,78.29,65.48,12.82,37,26
2011,8,Liverpool,38,14,10,14,47,40,7,52,22,65.33,43.33,24,18
2011,2,Manchester United,38,28,5,5,89,33,56,89,12.9,62.3,49.41,17,18
2011,13,Sunderland,38,11,12,15,45,46,-1,45,26.330000000000002,27.919999999999998,1.6,37,32
2011,5,Newcastle United,38,19,8,11,56,51,5,65,16.04,27,10.96,29,26
2011,17,Queens Park Rangers,38,10,7,21,43,66,-23,37,2.8,26.23,23.43,46,43
2011,14,Stoke City,38,11,12,15,36,53,-17,45,1.99,24.8,22.82,26,26
2011,19,Blackburn Rovers,38,8,7,23,48,78,-30,31,40.3,20.55,19.75,26,28
2011,16,Aston Villa,38,7,17,14,37,53,-16,38,43.75,20.34,23.41,21,25
2011,9,Fulham,38,14,10,14,48,51,-3,52,7.67,18.130000000000003,10.46,22,17
2011,18,Bolton Wanderers,38,10,6,22,46,77,-31,36,16.330000000000002,15.6,0.73,24,22
2011,12,Norwich City,38,12,11,15,52,66,-14,47,0.5,15.25,14.75,19,18
2011,11,Swansea City,38,12,11,15,44,51,-7,47,0.455,12.850000000000001,12.4,23,22
2011,15,Wigan Athletic,38,11,10,17,42,62,-20,43,11.29,12.38,1.09,24,15
2011,20,Wolverhampton Wanderers,38,5,10,23,40,82,-42,25,2.6,12.05,9.450000000000001,30,32
2011,10,West Bromwich Albion,38,13,8,17,45,52,-7,47,11.12,9.139999999999999,1.98,26,26
2011,4,Tottenham Hotspur,38,20,9,9,66,41,25,69,43.25,9,34.25,41,36
2011,7,Everton,38,15,11,12,50,40,10,56,26.8,7.2,19.6,20,17
2012,3,Chelsea,38,22,9,7,75,39,36,75,25.45,109.7,84.25,38,28
2012,1,Manchester United,38,28,5,5,86,43,43,89,9.65,76.45,66.8,20,15
2012,5,Tottenham Hotspur,38,21,9,8,66,46,20,72,72.78,73.25,0.47000000000000003,35,34
2012,7,Liverpool,38,16,13,9,71,43,28,61,10.450000000000001,70.6,60.15,20,18
2012,2,Manchester City,38,23,9,6,66,34,32,78,44.3,61.949999999999996,17.650000000000002,26,26
2012,4,Arsenal,38,21,10,7,72,37,35,73,65.85,56,9.850000000000001,25,19
2012,20,Queens Park Rangers,38,4,13,21,30,60,-30,25,4.51,50.349999999999994,45.839999999999996,46,46
2012,14,Southampton,38,9,14,15,49,60,-11,41,0,41.5,41.5,31,25
2012,17,Sunderland,38,9,12,17,41,54,-13,39,14.83,38.3,23.479999999999997,27,31
2012,16,Newcastle United,38,11,8,19,45,68,-23,41,14.8,31.97,17.17,21,19
2012,15,Aston Villa,38,10,11,17,47,69,-22,41,3.2,27.830000000000002,24.630000000000003,20,13
2012,10,West Ham United,38,12,10,16,45,53,-8,46,5.05,23.9,18.85,26,29
2012,13,Stoke City,38,9,15,14,34,45,-11,42,0.64,23.68,23.04,24,24
2012,6,Everton,38,16,15,7,55,40,15,63,18.75,21.650000000000002,2.9,13,13
2012,9,Swansea City,38,11,13,14,47,51,-4,46,32.6,20.47,12.129999999999999,20,23
2012,11,Norwich City,38,10,14,14,41,58,-17,44,0.38,11.08,10.7,29,26
2012,19,Reading,38,6,10,22,43,73,-30,28,0.9,10.82,9.92,33,27
2012,18,Wigan Athletic,38,9,9,20,47,73,-26,36,13.25,10.54,2.72,22,25
2012,12,Fulham,38,11,10,17,50,60,-10,43,31.419999999999998,10,21.419999999999998,27,32
2012,8,West Bromwich Albion,38,14,7,17,53,57,-4,49,3.73,5,1.28,17,18
2013,3,Chelsea,38,25,7,6,71,27,44,82,77.93,130.35000000000002,52.42,52,36
2013,6,Tottenham Hotspur,38,21,6,11,55,51,4,69,138.4,122.55,15.850000000000001,33,28
2013,1,Manchester City,38,27,5,6,102,37,65,86,11.3,115.5,104.2,16,18
2013,7,Manchester United,38,19,7,12,64,43,21,64,1.8,77.13,75.33,23,20
2013,2,Liverpool,38,26,6,6,101,50,51,84,32.5,58.1,25.6,23,24
2013,4,Arsenal,38,24,7,7,68,41,27,79,12.15,49.25,37.1,25,25
2013,20,Cardiff City,38,7,9,22,32,74,-42,30,3.74,45.82,42.08,35,29
2013,8,Southampton,38,15,11,12,54,46,8,56,4.2,39.6,35.4,18,23
2013,14,Sunderland,38,10,8,20,41,60,-19,38,22.38,33.91,11.53,40,35
2013,11,Crystal Palace,38,13,6,19,33,48,-15,45,0,33,33,44,32
2013,5,Everton,38,21,9,8,61,39,22,72,46.1,31.8,14.3,19,21
2013,16,Hull City,38,10,7,21,38,53,-15,37,0.88,31.1,30.22,32,32
2013,18,Norwich City,38,8,9,21,28,62,-34,33,4.84,30.05,25.22,21,24
2013,19,Fulham,38,9,5,24,40,85,-45,32,4.1499999999999995,29.3,25.150000000000002,34,30
2013,12,Swansea City,38,11,9,18,54,54,0,42,0,26.610000000000003,26.610000000000003,24,21
2013,13,West Ham United,38,11,7,20,40,51,-11,40,0.53,24,23.47,25,22
2013,15,Aston Villa,38,10,8,20,39,61,-22,38,8.1,19.84,11.739999999999998,33,29
2013,17,West Bromwich Albion,38,7,15,16,43,59,-16,36,11.4,15.7,4.3,17,20
2013,9,Stoke City,38,13,11,14,45,52,-7,50,0,7,7,21,20
2013,10,Newcastle United,38,15,4,19,43,59,-16,49,25.87,3.8,22.07,17,18
2014,4,Manchester United,38,20,10,8,62,37,25,70,46.7,195.35000000000002,148.65,30,28
2014,6,Liverpool,38,18,8,12,52,48,4,62,99.27,151.43,52.160000000000004,30,21
2014,1,Chelsea,38,26,9,3,73,32,41,87,142.81,137.7,5.109999999999999,57,48
2014,3,Arsenal,38,22,9,7,71,36,35,75,27.8,118.98,91.17999999999999,21,22
2014,2,Manchester City,38,24,7,7,83,38,45,79,30.3,102.8,72.5,22,17
2014,7,Southampton,38,18,6,14,54,33,21,60,123.83,96,27.830000000000002,26,24
2014,5,Tottenham Hotspur,38,19,7,12,58,53,5,64,44.15,48.48,4.33,23,24
2014,18,Hull City,38,8,11,19,33,51,-18,35,18.7,48.220000000000006,29.52,31,28
2014,15,Newcastle United,38,10,9,19,40,63,-23,39,23.87,45.02,21.150000000000002,28,26
2014,20,Queens Park Rangers,38,8,6,24,42,73,-31,30,26.04,43.54,17.5,35,39
2014,8,Swansea City,38,16,8,14,46,49,-3,56,61.9,41.53,20.37,25,28
2014,11,Everton,38,12,11,15,48,50,-2,47,1.9,40.160000000000004,38.260000000000005,17,16
2014,12,West Ham United,38,12,11,15,44,47,-3,47,4.4,35.15,30.75,26,27
2014,10,Crystal Palace,38,13,9,16,47,51,-4,48,2.8699999999999997,31.22,28.35,42,39
2014,13,West Bromwich Albion,38,11,11,16,38,51,-13,44,2.3,24.88,22.58,18,20
2014,14,Leicester City,38,11,8,19,46,55,-9,41,0,22.86,22.86,30,23
2014,16,Sunderland,38,7,17,14,31,53,-22,38,7.25,22.52,15.27,24,33
2014,17,Aston Villa,38,10,8,20,31,57,-26,38,1.32,13.450000000000001,12.139999999999999,33,33
2014,19,Burnley,38,7,12,19,28,53,-25,33,0,12.62,12.62,24,23
2014,9,Stoke City,38,15,9,14,48,45,3,54,3.8,1.8,2,18,20
2015,4,Manchester City,38,19,9,10,71,41,30,66,67.44000000000001,208.47,141.03,29,25
2015,5,Manchester United,38,19,9,10,49,35,14,66,100.66999999999999,156,55.33,22,20
2015,8,Liverpool,38,16,12,10,63,50,13,60,90.55,126.5,35.949999999999996,30,24
2015,18,Newcastle United,38,9,10,19,44,65,-21,37,5.63,107.91000000000001,102.28,28,24
2015,10,Chelsea,38,12,14,12,59,53,6,50,87.49000000000001,96.5,9.01,54,39
2015,13,Watford,38,12,9,17,40,50,-10,45,9.75,82.8,73.05,39,31
2015,3,Tottenham Hotspur,38,19,13,6,69,35,34,70,87.25,71,16.25,12,21
2015,20,Aston Villa,38,3,8,27,27,76,-49,17,64.7,66.55,1.85,31,32
2015,17,Sunderland,38,9,12,17,48,62,-14,39,11,66.05,55.05,34,28
2015,6,Southampton,38,18,9,11,59,41,18,63,52.7,60.1,7.4,16,17
2015,16,Bournemouth,38,11,9,18,45,67,-22,42,0.65,55.11,54.46,37,35
2015,9,Stoke City,38,14,9,15,41,55,-14,51,23.2,53.65,30.45,14,14
2015,7,West Ham United,38,16,14,8,65,51,14,62,18.52,52.7,34.190000000000005,27,29
2015,19,Norwich City,38,9,7,22,39,67,-28,34,21.49,50.5,29.01,35,31
2015,1,Leicester City,38,23,12,3,68,36,32,81,9.450000000000001,49.9,40.449999999999996,27,32
2015,11,Everton,38,11,14,13,59,55,4,47,11,48.9,37.9,19,17
2015,14,West Bromwich Albion,38,10,13,15,34,48,-14,43,12.92,42.9,29.979999999999997,12,13
2015,15,Crystal Palace,38,11,9,18,39,51,-12,42,5.4,28.8,23.4,19,24
2015,2,Arsenal,38,20,11,7,65,36,29,71,2.5,26.5,24,16,12
2015,12,Swansea City,38,12,11,15,42,52,-10,47,16.810000000000002,21.810000000000002,5.01,23,24
2016,3,Manchester City,38,23,9,6,80,39,41,78,35.349999999999994,215.25,179.9,42,25
2016,6,Manchester United,38,18,15,5,54,29,25,69,47.25,185,137.75,11,14
2016,1,Chelsea,38,30,3,5,85,33,52,93,108.9,132.8,23.9,41,30
2016,5,Arsenal,38,23,6,9,77,44,33,75,10.350000000000001,113,102.64999999999999,13,12
2016,14,Crystal Palace,38,12,5,21,50,63,-13,41,50.2,101.2,51,23,24
2016,12,Leicester City,38,12,8,18,48,63,-15,44,66.05,92.1,26.05,17,19
2016,7,Everton,38,17,10,11,62,44,18,61,60.8,86,25.2,21,19
2016,2,Tottenham Hotspur,38,26,8,4,86,26,60,86,52.3,83.5,31.2,11,9
2016,11,West Ham United,38,12,9,17,47,64,-17,45,41,83.5,42.5,22,17
2016,4,Liverpool,38,22,10,6,78,42,36,76,85.38,79.9,5.48,23,19
2016,17,Watford,38,11,7,20,40,68,-28,40,58.1,70.45,12.350000000000001,38,35
2016,8,Southampton,38,12,10,16,41,48,-7,46,85.05,68.9,16.150000000000002,13,10
2016,15,Swansea City,38,12,5,21,45,70,-25,41,49.3,58.1,8.8,23,17
2016,19,Middlesbrough,38,5,13,20,27,53,-26,28,13.5,47.949999999999996,34.449999999999996,21,20
2016,16,Burnley,38,11,7,20,39,55,-16,40,1.2,45.6,44.4,28,26
2016,20,Sunderland,38,6,6,26,29,69,-40,24,23.77,41.9,18.130000000000003,27,24
2016,9,Bournemouth,38,12,10,16,55,67,-12,46,23.69,40.690000000000005,17,21,29
2016,18,Hull City,38,9,7,22,37,80,-43,34,28.9,40,11.1,25,20
2016,13,Stoke City,38,11,11,16,41,56,-15,44,3.8,38.78,34.98,17,14
2016,10,West Bromwich Albion,38,12,9,17,43,51,-8,45,26.979999999999997,37.9,10.93,14,14
2017,1,Manchester City,38,32,4,2,106,27,79,100,91.35,317.5,226.15,39,32
2017,5,Chelsea,38,21,7,10,62,38,24,70,194.6,260.5,65.9,47,31
2017,8,Everton,38,13,10,15,44,58,-14,49,126.38,203.2,76.82,27,20
2017,2,Manchester United,38,25,6,7,68,28,40,81,45.5,198.4,152.9,14,11
2017,4,Liverpool,38,21,12,5,84,38,46,75,184.5,173.65,10.850000000000001,16,15
2017,6,Arsenal,38,19,6,13,74,51,23,63,162,152.85000000000002,9.15,15,16
2017,3,Tottenham Hotspur,38,23,8,7,74,36,38,77,103.8,123.5,19.7,15,11
2017,9,Leicester City,38,12,11,15,56,60,-4,47,50.1,83.85,33.75,17,14
2017,14,Watford,38,11,8,19,44,64,-20,41,18.74,73.4,54.660000000000004,43,34
2017,18,Swansea City,38,8,9,21,28,56,-28,33,81.1,73.39,7.72,25,25
2017,15,Brighton & Hove Albion,38,9,13,16,34,54,-20,40,0.4,66.5,66.1,26,22
2017,17,Southampton,38,7,15,16,37,56,-19,36,98.35,61.25,37.1,14,14
2017,19,Stoke City,38,7,12,19,35,68,-33,33,35.14,57.7,22.56,21,19
2017,13,West Ham United,38,10,12,16,48,68,-20,42,69.02,56.8,12.219999999999999,16,26
2017,16,Huddersfield Town,38,9,10,19,28,58,-30,37,6.46,56.75,50.3,24,20
2017,20,West Bromwich Albion,38,6,13,19,31,56,-25,31,2.05,53.5,51.449999999999996,18,13
2017,11,Crystal Palace,38,11,11,16,45,55,-10,44,3,48.949999999999996,45.949999999999996,15,19
2017,10,Newcastle United,38,12,8,18,39,47,-8,44,21.22,46.5,25.279999999999998,31,31
2017,7,Burnley,38,14,12,12,36,39,-3,54,50,35.74,14.26,18,21
2017,12,Bournemouth,38,11,11,16,45,61,-16,44,0,34.3,34.3,17,14
2018,3,Chelsea,38,21,9,8,63,39,24,72,83.25,208.8,125.55,41,33
2018,2,Liverpool,38,30,7,1,89,22,67,97,41.32,182.2,140.88000000000002,22,20
2018,19,Fulham,38,7,5,26,34,81,-47,26,5.35,116.5,111.14999999999999,20,15
2018,9,Leicester City,38,15,7,16,51,48,3,52,95.8,114.6,18.8,20,19
2018,7,Wolverhampton Wanderers,38,16,9,13,47,46,1,57,23.3,112.75,89.45,42,48
2018,10,West Ham United,38,15,7,16,52,55,-3,52,13.77,100.9,87.14,20,13
2018,8,Everton,38,15,9,14,54,46,8,54,28.650000000000002,99.8,71.14999999999999,27,24
2018,14,Bournemouth,38,13,6,19,56,70,-14,45,20.2,91.6,71.4,14,16
2018,17,Brighton & Hove Albion,38,9,9,20,35,60,-25,36,13.62,87.11999999999999,73.5,36,29
2018,6,Manchester United,38,19,9,10,65,54,11,66,30.55,82.7,52.15,10,10
2018,5,Arsenal,38,21,7,10,73,51,22,70,9.1,80.14999999999999,71.05,19,13
2018,1,Manchester City,38,32,2,4,95,23,72,98,57.6,78.59,20.99,29,23
2018,16,Southampton,38,9,12,17,45,65,-20,39,26.1,62.25,36.15,21,19
2018,13,Newcastle United,38,12,9,17,42,48,-6,45,51.05,59.75,8.7,23,24
2018,20,Huddersfield Town,38,3,7,28,22,76,-54,16,12.33,50.7,38.37,17,19
2018,18,Cardiff City,38,10,4,24,34,69,-35,34,0,40.2,40.2,18,20
2018,15,Burnley,38,11,7,20,45,68,-23,40,8,33,25,10,11
2018,11,Watford,38,14,8,16,52,59,-7,50,51.839999999999996,30.1,21.74,37,27
2018,12,Crystal Palace,38,14,7,17,51,53,-2,49,0.35000000000000003,11.850000000000001,11.5,13,18
2018,4,Tottenham Hotspur,38,23,2,13,67,39,28,71,5.35,0,5.35,5,4
2019,3,Manchester United,38,18,12,8,66,36,30,66,81.17999999999999,234.8,153.62,15,12
2019,8,Arsenal,38,14,14,10,56,48,8,56,53.65,160.8,107.14999999999999,20,21
2019,2,Manchester City,38,26,3,9,102,35,67,81,71,159.52,88.52,37,26
2019,17,Aston Villa,38,9,8,21,41,67,-26,35,3,159.5,156.5,28,26
2019,6,Tottenham Hotspur,38,16,11,11,61,47,14,59,64.5,148.5,84,16,15
2019,12,Everton,38,13,10,15,44,56,-12,49,87.8,121,33.2,27,23
2019,16,West Ham United,38,10,9,19,49,62,-13,39,55.48,119.8,64.32,15,18
2019,7,Wolverhampton Wanderers,38,15,14,9,51,40,11,59,24.1,116.7,92.6,30,24
2019,5,Leicester City,38,18,8,12,67,41,26,62,88.5,104.3,15.8,19,14
2019,13,Newcastle United,38,11,11,16,38,58,-20,44,35.64,72.9,37.260000000000005,16,15
2019,9,Sheffield United,38,14,12,12,39,39,0,54,0.35000000000000003,70.5,70.14999999999999,26,22
2019,15,Brighton & Hove Albion,38,9,14,15,39,54,-15,41,8.5,61.74,53.24,36,30
2019,11,Southampton,38,15,7,16,51,60,-9,52,27.3,61.5,34.2,21,19
2019,19,Watford,38,8,10,20,36,64,-28,34,25.4,56,30.6,32,21
2019,18,Bournemouth,38,9,7,22,40,65,-25,34,34.63,54.91,20.29,17,14
2019,4,Chelsea,38,20,6,12,69,54,15,66,157.26999999999998,45,112.27,35,28
2019,10,Burnley,38,15,9,14,43,50,-7,54,13.55,23.85,10.3,9,10
2019,1,Liverpool,38,32,3,3,85,33,52,99,44.5,10.4,34.1,20,15
2019,20,Norwich City,38,5,6,27,26,75,-49,21,2.2,8.82,6.619999999999999,28,29
2019,14,Crystal Palace,38,11,10,17,31,50,-19,43,55.379999999999995,7.6,47.78,15,15
2020,4,Chelsea,38,19,10,9,58,36,22,67,57.15,247.2,190.05,41,25
2020,1,Manchester City,38,27,5,6,83,32,51,86,65.64999999999999,173.4,107.75,37,26
2020,9,Leeds United,38,18,5,15,62,54,8,59,0,127.8,127.8,17,17
2020,7,Tottenham Hotspur,38,18,8,12,68,45,23,62,13.3,110.5,97.2,18,13
2020,11,Aston Villa,38,16,7,15,55,46,9,55,2.77,101.35,98.58,14,16
2020,13,Wolverhampton Wanderers,38,12,9,17,36,52,-16,45,79.2,87.59,8.39,26,25
2020,8,Arsenal,38,18,7,13,55,39,16,61,19.150000000000002,86,66.85,20,19
2020,3,Liverpool,38,20,9,9,68,42,26,69,17.2,84.05,66.85,20,14
2020,2,Manchester United,38,21,11,6,73,44,29,74,19.5,83.8,64.3,16,13
2020,10,Everton,38,17,8,13,47,48,-1,59,4.430000000000001,73.36999999999999,68.95,23,21
2020,20,Sheffield United,38,7,2,29,20,63,-43,23,0,62.7,62.7,17,19
2020,5,Leicester City,38,20,6,12,68,50,18,66,53.77,59.4,5.63,21,19
2020,6,West Ham United,38,19,8,11,62,47,15,65,45.41,54.7,9.29,18,17
2020,19,West Bromwich Albion,38,5,11,22,35,76,-41,26,8.1,42.14,34.04,23,23
2020,12,Newcastle United,38,12,9,17,46,62,-16,45,0.275,39,38.730000000000004,13,15
2020,15,Southampton,38,12,7,19,47,68,-21,43,26.3,37.3,11,24,19
2020,18,Fulham,38,5,13,20,27,53,-26,28,0,37.25,37.25,26,24
2020,16,Brighton & Hove Albion,38,9,14,15,40,46,-6,41,20.6,28.5,7.9,34,23
2020,14,Crystal Palace,38,12,8,18,41,66,-25,44,20,22.4,2.4,14,8
2020,17,Burnley,38,10,9,19,33,55,-22,39,2.3,1.1,1.2,6,6
2021,5,Arsenal,38,22,3,13,61,48,13,69,31.4,167.4,136,21,20
2021,6,Manchester United,38,16,10,12,57,57,0,58,30.7,142,111.3,18,12
2021,1,Manchester City,38,29,6,3,99,26,73,93,93.8,138.9,45.1,32,22
2021,11,Newcastle United,38,13,10,15,44,62,-18,49,0,130.5,130.5,13,11
2021,14,Aston Villa,38,13,6,19,52,54,-2,45,127,129.82000000000002,2.82,26,20
2021,3,Chelsea,38,21,11,6,76,33,43,74,124.6,118,6.6,25,23
2021,4,Tottenham Hotspur,38,22,5,11,69,40,29,71,34.620000000000005,95.9,61.28,18,20
2021,2,Liverpool,38,28,8,2,94,26,68,92,29.55,87,57.449999999999996,15,12
2021,12,Crystal Palace,38,11,15,12,50,46,4,48,0,85.61999999999999,85.61999999999999,14,16
2021,9,Brighton & Hove Albion,38,12,15,11,42,44,-2,51,78.5,75,3.5,33,29
2021,7,West Ham United,38,16,8,14,60,51,9,56,4.24,74.5,70.27,10,10
2021,8,Leicester City,38,14,10,14,62,59,3,52,4,67.6,63.6,12,12
2021,20,Norwich City,38,5,7,26,23,84,-61,22,38.4,63.55,25.150000000000002,34,33
2021,17,Leeds United,38,9,11,18,42,79,-37,38,0,58.9,58.9,16,14
2021,18,Burnley,38,7,14,17,34,53,-19,35,40.5,49.4,8.9,7,6
2021,19,Watford,38,6,5,27,34,77,-43,23,12.850000000000001,43.5,30.650000000000002,35,30
2021,15,Southampton,38,9,13,16,43,67,-24,40,60.37,43.1,17.27,11,14
2021,16,Everton,38,11,6,21,43,66,-23,39,46,39.5,6.5,17,16
2021,10,Wolverhampton Wanderers,38,15,6,17,38,43,-5,51,31.8,37.6,5.8,30,22
2021,13,Brentford,38,13,7,18,48,56,-8,46,1,36.7,35.7,19,15
